StudyID,Set,Item,x,y,QCd,QC_x,QC_y
1,1,boots,5,8,OK,OK,OK
1,1,cat,3,4,OK,OK,OK
1,1,crab,7,6,OK,OK,OK
1,1,dolphin,5,6,OK,OK,OK
1,1,flamingo,6,1,OK,OK,OK
1,1,hotdog,10,10,OK,OK,OK
1,1,ice cream,3,8,OK,OK,OK
1,1,onion,2,10,OK,OK,OK
1,1,owl,5,4,OK,OK,OK
1,1,pajamas,6,10,OK,OK,OK
1,1,pumpkin,10,1,OK,OK,OK
1,1,sandals,7,4,OK,OK,OK
1,1,scarf,1,8,OK,OK,OK
1,1,shorts,10,8,OK,OK,OK
1,1,spaghetti,9,6,OK,OK,OK
1,1,sunglasses,8,9,OK,OK,OK
1,1,turtle,1,1,OK,OK,OK
1,1,watermelon,1,6,OK,OK,OK
1,2,cow,9,7,OK,OK,OK
1,2,chicken,7,8,OK,OK,OK
1,2,pig,3,6,OK,OK,OK
1,2,mouse,10,10,OK,OK,OK
1,2,butterfly,5,3,OK,OK,OK
1,2,penguin,3,3,OK,OK,OK
1,2,watering can,7,3,OK,OK,OK
1,2,wheelbarrow ,7,1,OK,OK,OK
1,2,shovel,6,10,OK,OK,OK
1,2,broom,2,8,OK,OK,OK
1,2,scissors,3,10,OK,OK,OK
1,2,hammer,9,5,OK,OK,OK
1,2,apple,10,1,OK,OK,OK
1,2,lettuce,4,1,OK,OK,OK
1,2,corn,8,10,OK,OK,OK
1,2,pineapple,5,5,OK,OK,OK
1,2,mushroom,5,8,OK,OK,OK
1,2,walnut,1,5,OK,OK,OK
2,1,boots,2,5,OK,OK,OK
2,1,cat,1,4,OK,OK,OK
2,1,crab,7,1,OK,OK,OK
2,1,dolphin,6,1,OK,OK,OK
2,1,flamingo,1,6,OK,OK,OK
2,1,hotdog,3,1,OK,OK,OK
2,1,ice cream,2,3,OK,OK,OK
2,1,onion,3,7,OK,OK,OK
2,1,owl,3,3,OK,OK,OK
2,1,pajamas,5,3,OK,OK,OK
2,1,pumpkin,2,1,OK,OK,OK
2,1,sandals,1,3,OK,OK,OK
2,1,scarf,6,4,OK,OK,OK
2,1,shorts,5,10,OK,OK,OK
2,1,spaghetti,4,5,OK,OK,OK
2,1,sunglasses,8,2,OK,OK,OK
2,1,turtle,6,3,OK,OK,OK
2,1,watermelon,8,4,OK,OK,OK
2,2,cow,6,9,OK,OK,OK
2,2,chicken,1,7,OK,OK,OK
2,2,pig,3,1,OK,OK,OK
2,2,mouse,5,2,OK,OK,OK
2,2,butterfly,5,7,OK,OK,OK
2,2,penguin,5,4,OK,OK,OK
2,2,watering can,3,8,OK,OK,OK
2,2,wheelbarrow ,2,4,OK,OK,OK
2,2,shovel,1,5,OK,OK,OK
2,2,broom,7,6,OK,OK,OK
2,2,scissors,3,3,OK,OK,OK
2,2,hammer,3,5,OK,OK,OK
2,2,apple,9,1,OK,OK,OK
2,2,lettuce,1,3,OK,OK,OK
2,2,corn,7,2,OK,OK,OK
2,2,pineapple,7,4,OK,OK,OK
2,2,mushroom,9,3,OK,OK,OK
2,2,walnut,2,5,OK,OK,OK
3,1,boots,8,1,OK,OK,OK
3,1,cat,4,1,OK,OK,OK
3,1,crab,3,2,OK,OK,OK
3,1,dolphin,3,3,OK,OK,OK
3,1,flamingo,2,1,OK,OK,OK
3,1,hotdog,9,5,OK,OK,OK
3,1,ice cream,10,5,OK,OK,OK
3,1,onion,1,10,OK,OK,OK
3,1,owl,1,1,OK,OK,OK
3,1,pajamas,4,7,OK,OK,OK
3,1,pumpkin,3,10,OK,OK,OK
3,1,sandals,9,1,OK,OK,OK
3,1,scarf,10,10,OK,OK,OK
3,1,shorts,10,1,OK,OK,OK
3,1,spaghetti,2,10,OK,OK,OK
3,1,sunglasses,1,3,OK,OK,OK
3,1,turtle,3,1,OK,OK,OK
3,1,watermelon,5,10,Changed,4,10
3,2,cow,4,9,OK,OK,OK
3,2,chicken,2,8,OK,OK,OK
3,2,pig,1,8,OK,OK,OK
3,2,mouse,4,9,Changed,3,9
3,2,butterfly,2,9,OK,OK,OK
3,2,penguin,3,8,OK,OK,OK
3,2,watering can,10,10,OK,OK,OK
3,2,wheelbarrow ,9,5,OK,OK,OK
3,2,shovel,10,5,OK,OK,OK
3,2,broom,1,1,OK,OK,OK
3,2,scissors,7,10,OK,OK,OK
3,2,hammer,1,4,OK,OK,OK
3,2,apple,9,1,OK,OK,OK
3,2,lettuce,10,9,OK,OK,OK
3,2,corn,7,1,OK,OK,OK
3,2,pineapple,8,1,OK,OK,OK
3,2,mushroom,9,10,OK,OK,OK
3,2,walnut,10,1,OK,OK,OK
4,1,boots,9,6,OK,OK,OK
4,1,cat,5,5,OK,OK,OK
4,1,crab,3,8,OK,OK,OK
4,1,dolphin,6,4,OK,OK,OK
4,1,flamingo,3,5,OK,OK,OK
4,1,hotdog,3,9,OK,OK,OK
4,1,ice cream,2,7,OK,OK,OK
4,1,onion,1,10,OK,OK,OK
4,1,owl,3,1,OK,OK,OK
4,1,pajamas,1,4,OK,OK,OK
4,1,pumpkin,6,5,OK,OK,OK
4,1,sandals,10,1,OK,OK,OK
4,1,scarf,6,8,OK,OK,OK
4,1,shorts,6,6,OK,OK,OK
4,1,spaghetti,7,2,OK,OK,OK
4,1,sunglasses,6,7,OK,OK,OK
4,1,turtle,7,5,OK,OK,OK
4,1,watermelon,1,8,OK,OK,OK
4,2,cow,2,8,OK,OK,OK
4,2,chicken,8,3,OK,OK,OK
4,2,pig,10,1,OK,OK,OK
4,2,mouse,6,9,OK,OK,OK
4,2,butterfly,10,10,OK,OK,OK
4,2,penguin,1,10,OK,OK,OK
4,2,watering can,4,5,OK,OK,OK
4,2,wheelbarrow ,10,5,OK,OK,OK
4,2,shovel,1,5,OK,OK,OK
4,2,broom,1,3,OK,OK,OK
4,2,scissors,4,10,OK,OK,OK
4,2,hammer,8,6,OK,OK,OK
4,2,apple,1,1,OK,OK,OK
4,2,lettuce,6,7,OK,OK,OK
4,2,corn,5,2,OK,OK,OK
4,2,pineapple,7,5,OK,OK,OK
4,2,mushroom,8,9,OK,OK,OK
4,2,walnut,4,7,OK,OK,OK
5,1,boots,7,2,OK,OK,OK
5,1,cat,8,4,OK,OK,OK
5,1,crab,10,1,OK,OK,OK
5,1,dolphin,9,2,OK,OK,OK
5,1,flamingo,6,6,OK,OK,OK
5,1,hotdog,10,10,OK,OK,OK
5,1,ice cream,9,5,OK,OK,OK
5,1,onion,4,4,OK,OK,OK
5,1,owl,9,7,OK,OK,OK
5,1,pajamas,2,5,OK,OK,OK
5,1,pumpkin,10,4,OK,OK,OK
5,1,sandals,6,2,OK,OK,OK
5,1,scarf,1,1,OK,OK,OK
5,1,shorts,3,5,OK,OK,OK
5,1,spaghetti,2,3,OK,OK,OK
5,1,sunglasses,6,4,OK,OK,OK
5,1,turtle,2,10,OK,OK,OK
5,1,watermelon,4,6,OK,OK,OK
5,2,cow,4,1,OK,OK,OK
5,2,chicken,3,1,OK,OK,OK
5,2,pig,6,1,OK,OK,OK
5,2,mouse,1,3,OK,OK,OK
5,2,butterfly,4,5,OK,OK,OK
5,2,penguin,5,9,OK,OK,OK
5,2,watering can,8,1,OK,OK,OK
5,2,wheelbarrow ,5,1,OK,OK,OK
5,2,shovel,9,1,OK,OK,OK
5,2,broom,4,3,OK,OK,OK
5,2,scissors,9,5,OK,OK,OK
5,2,hammer,10,10,OK,OK,OK
5,2,apple,10,1,OK,OK,OK
5,2,lettuce,1,1,OK,OK,OK
5,2,corn,2,1,OK,OK,OK
5,2,pineapple,7,1,OK,OK,OK
5,2,mushroom,6,4,OK,OK,OK
5,2,walnut,1,10,OK,OK,OK
6,1,boots,5,1,OK,OK,OK
6,1,cat,3,1,OK,OK,OK
6,1,crab,9,2,OK,OK,OK
6,1,dolphin,4,1,OK,OK,OK
6,1,flamingo,7,2,OK,OK,OK
6,1,hotdog,5,8,OK,OK,OK
6,1,ice cream,6,5,OK,OK,OK
6,1,onion,7,10,OK,OK,OK
6,1,owl,2,2,OK,OK,OK
6,1,pajamas,1,1,OK,OK,OK
6,1,pumpkin,7,5,OK,OK,OK
6,1,sandals,8,3,OK,OK,OK
6,1,scarf,3,10,OK,OK,OK
6,1,shorts,9,5,OK,OK,OK
6,1,spaghetti,4,4,OK,OK,OK
6,1,sunglasses,8,2,OK,OK,OK
6,1,turtle,2,1,OK,OK,OK
6,1,watermelon,3,6,OK,OK,OK
6,2,cow,8,6,OK,OK,OK
6,2,chicken,8,5,OK,OK,OK
6,2,pig,7,5,OK,OK,OK
6,2,mouse,1,1,OK,OK,OK
6,2,butterfly,6,2,OK,OK,OK
6,2,penguin,8,4,OK,OK,OK
6,2,watering can,7,4,OK,OK,OK
6,2,wheelbarrow ,4,10,OK,OK,OK
6,2,shovel,3,4,OK,OK,OK
6,2,broom,3,2,OK,OK,OK
6,2,scissors,4,6,OK,OK,OK
6,2,hammer,6,4,OK,OK,OK
6,2,apple,3,6,OK,OK,OK
6,2,lettuce,6,6,OK,OK,OK
6,2,corn,7,6,OK,OK,OK
6,2,pineapple,9,5,OK,OK,OK
6,2,mushroom,6,5,OK,OK,OK
6,2,walnut,5,8,OK,OK,OK
7,1,boots,10,1,OK,OK,OK
7,1,cat,7,9,OK,OK,OK
7,1,crab,3,4,OK,OK,OK
7,1,dolphin,4,10,OK,OK,OK
7,1,flamingo,8,8,OK,OK,OK
7,1,hotdog,10,10,OK,OK,OK
7,1,ice cream,4,1,OK,OK,OK
7,1,onion,1,1,OK,OK,OK
7,1,owl,6,3,OK,OK,OK
7,1,pajamas,1,6,OK,OK,OK
7,1,pumpkin,7,1,OK,OK,OK
7,1,sandals,6,5,OK,OK,OK
7,1,scarf,6,7,OK,OK,OK
7,1,shorts,3,8,OK,OK,OK
7,1,spaghetti,9,4,OK,OK,OK
7,1,sunglasses,2,2,OK,OK,OK
7,1,turtle,10,6,OK,OK,OK
7,1,watermelon,8,5,OK,OK,OK
7,2,cow,8,2,OK,OK,OK
7,2,chicken,7,3,OK,OK,OK
7,2,pig,5,10,OK,OK,OK
7,2,mouse,1,1,OK,OK,OK
7,2,butterfly,1,4,OK,OK,OK
7,2,penguin,4,2,OK,OK,OK
7,2,watering can,8,4,OK,OK,OK
7,2,wheelbarrow ,2,8,OK,OK,OK
7,2,shovel,10,9,OK,OK,OK
7,2,broom,5,5,OK,OK,OK
7,2,scissors,10,7,Changed,10,6
7,2,hammer,7,8,OK,OK,OK
7,2,apple,5,7,OK,OK,OK
7,2,lettuce,6,3,OK,OK,OK
7,2,corn,9,2,OK,OK,OK
7,2,pineapple,10,3,OK,OK,OK
7,2,mushroom,8,6,OK,OK,OK
7,2,walnut,3,4,OK,OK,OK
10,1,boots,8,3,OK,OK,OK
10,1,cat,2,9,OK,OK,OK
10,1,crab,7,9,OK,OK,OK
10,1,dolphin,4,9,OK,OK,OK
10,1,flamingo,5,9,OK,OK,OK
10,1,hotdog,5,7,OK,OK,OK
10,1,ice cream,8,7,OK,OK,OK
10,1,onion,6,7,OK,OK,OK
10,1,owl,6,9,OK,OK,OK
10,1,pajamas,5,3,OK,OK,OK
10,1,pumpkin,2,5,OK,OK,OK
10,1,sandals,9,3,OK,OK,OK
10,1,scarf,6,3,OK,OK,OK
10,1,shorts,4,3,OK,OK,OK
10,1,spaghetti,4,7,OK,OK,OK
10,1,sunglasses,7,3,OK,OK,OK
10,1,turtle,3,9,OK,OK,OK
10,1,watermelon,7,7,OK,OK,OK
10,2,cow,9,7,OK,OK,OK
10,2,chicken,8,7,OK,OK,OK
10,2,pig,6,7,OK,OK,OK
10,2,mouse,7,7,OK,OK,OK
10,2,butterfly,1,2,OK,OK,OK
10,2,penguin,1,4,OK,OK,OK
10,2,watering can,3,3,OK,OK,OK
10,2,wheelbarrow ,4,7,OK,OK,OK
10,2,shovel,4,3,OK,OK,OK
10,2,broom,8,1,OK,OK,OK
10,2,scissors,10,3,OK,OK,OK
10,2,hammer,3,7,OK,OK,OK
10,2,apple,8,3,OK,OK,OK
10,2,lettuce,5,3,OK,OK,OK
10,2,corn,7,3,OK,OK,OK
10,2,pineapple,8,5,OK,OK,OK
10,2,mushroom,3,2,OK,OK,OK
10,2,walnut,6,3,OK,OK,OK
11,1,boots,6,1,OK,OK,OK
11,1,cat,4,9,OK,OK,OK
11,1,crab,1,4,OK,OK,OK
11,1,dolphin,3,5,OK,OK,OK
11,1,flamingo,1,6,OK,OK,OK
11,1,hotdog,9,1,OK,OK,OK
11,1,ice cream,7,7,OK,OK,OK
11,1,onion,7,4,OK,OK,OK
11,1,owl,5,4,OK,OK,OK
11,1,pajamas,10,5,OK,OK,OK
11,1,pumpkin,3,10,OK,OK,OK
11,1,sandals,8,5,OK,OK,OK
11,1,scarf,4,7,OK,OK,OK
11,1,shorts,7,10,OK,OK,OK
11,1,spaghetti,1,10,OK,OK,OK
11,1,sunglasses,2,8,OK,OK,OK
11,1,turtle,2,1,OK,OK,OK
11,1,watermelon,10,10,OK,OK,OK
11,2,cow,6,10,OK,OK,OK
11,2,chicken,10,3,OK,OK,OK
11,2,pig,1,2,OK,OK,OK
11,2,mouse,4,10,OK,OK,OK
11,2,butterfly,6,8,OK,OK,OK
11,2,penguin,9,1,OK,OK,OK
11,2,watering can,1,7,OK,OK,OK
11,2,wheelbarrow ,1,4,OK,OK,OK
11,2,shovel,10,10,OK,OK,OK
11,2,broom,5,6,OK,OK,OK
11,2,scissors,1,9,OK,OK,OK
11,2,hammer,2,1,OK,OK,OK
11,2,apple,2,10,OK,OK,OK
11,2,lettuce,4,8,OK,OK,OK
11,2,corn,5,1,OK,OK,OK
11,2,pineapple,8,7,OK,OK,OK
11,2,mushroom,3,3,OK,OK,OK
11,2,walnut,5,4,OK,OK,OK
9,1,boots,4,6,OK,OK,OK
9,1,cat,8,2,OK,OK,OK
9,1,crab,6,3,OK,OK,OK
9,1,dolphin,7,3,OK,OK,OK
9,1,flamingo,7,2,OK,OK,OK
9,1,hotdog,7,10,Changed,6,10
9,1,ice cream,4,10,OK,OK,OK
9,1,onion,3,10,OK,OK,OK
9,1,owl,8,3,OK,OK,OK
9,1,pajamas,5,8,OK,OK,OK
9,1,pumpkin,2,10,OK,OK,OK
9,1,sandals,3,6,OK,OK,OK
9,1,scarf,4,8,OK,OK,OK
9,1,shorts,3,7,OK,OK,OK
9,1,spaghetti,5,10,OK,OK,OK
9,1,sunglasses,4,7,OK,OK,OK
9,1,turtle,6,2,OK,OK,OK
9,1,watermelon,1,10,OK,OK,OK
9,2,cow,9,2,OK,OK,OK
9,2,chicken,5,2,OK,OK,OK
9,2,pig,10,2,OK,OK,OK
9,2,mouse,6,2,OK,OK,OK
9,2,butterfly,8,2,OK,OK,OK
9,2,penguin,7,2,OK,OK,OK
9,2,watering can,6,10,OK,OK,OK
9,2,wheelbarrow ,7,10,OK,OK,OK
9,2,shovel,10,10,OK,OK,OK
9,2,broom,9,10,OK,OK,OK
9,2,scissors,5,10,OK,OK,OK
9,2,hammer,8,10,OK,OK,OK
9,2,apple,3,8,OK,OK,OK
9,2,lettuce,1,8,OK,OK,OK
9,2,corn,5,8,OK,OK,OK
9,2,pineapple,4,8,OK,OK,OK
9,2,mushroom,6,8,OK,OK,OK
9,2,walnut,2,8,OK,OK,OK
8,1,boots,9,5,OK,OK,OK
8,1,cat,6,10,Changed,5,10
8,1,crab,3,2,OK,OK,OK
8,1,dolphin,4,2,OK,OK,OK
8,1,flamingo,4,10,OK,OK,OK
8,1,hotdog,7,1,OK,OK,OK
8,1,ice cream,1,2,OK,OK,OK
8,1,onion,9,1,OK,OK,OK
8,1,owl,3,10,OK,OK,OK
8,1,pajamas,7,7,OK,OK,OK
8,1,pumpkin,3,6,OK,OK,OK
8,1,sandals,2,2,OK,OK,OK
8,1,scarf,8,5,OK,OK,OK
8,1,shorts,6,7,OK,OK,OK
8,1,spaghetti,8,1,OK,OK,OK
8,1,sunglasses,5,2,OK,OK,OK
8,1,turtle,6,2,OK,OK,OK
8,1,watermelon,10,2,Changed,10,1
8,2,cow,1,5,OK,OK,OK
8,2,chicken,5,4,OK,OK,OK
8,2,pig,2,5,OK,OK,OK
8,2,mouse,1,1,OK,OK,OK
8,2,butterfly,2,1,OK,OK,OK
8,2,penguin,4,4,OK,OK,OK
8,2,watering can,8,6,OK,OK,OK
8,2,wheelbarrow ,10,6,OK,OK,OK
8,2,shovel,9,6,OK,OK,OK
8,2,broom,10,1,OK,OK,OK
8,2,scissors,9,1,OK,OK,OK
8,2,hammer,7,6,OK,OK,OK
8,2,apple,4,10,OK,OK,OK
8,2,lettuce,6,10,OK,OK,OK
8,2,corn,5,10,OK,OK,OK
8,2,pineapple,7,10,OK,OK,OK
8,2,mushroom,3,1,OK,OK,OK
8,2,walnut,8,10,OK,OK,OK
13,1,boots,10,4,OK,OK,OK
13,1,cat,4,4,OK,OK,OK
13,1,crab,9,8,OK,OK,OK
13,1,dolphin,6,7,OK,OK,OK
13,1,flamingo,5,5,OK,OK,OK
13,1,hotdog,2,8,OK,OK,OK
13,1,ice cream,1,4,OK,OK,OK
13,1,onion,6,3,OK,OK,OK
13,1,owl,1,2,OK,OK,OK
13,1,pajamas,4,1,OK,OK,OK
13,1,pumpkin,3,3,OK,OK,OK
13,1,sandals,2,6,OK,OK,OK
13,1,scarf,9,3,OK,OK,OK
13,1,shorts,8,5,OK,OK,OK
13,1,spaghetti,4,7,OK,OK,OK
13,1,sunglasses,10,2,Changed,10,1
13,1,turtle,1,1,OK,OK,OK
13,1,watermelon,7,1,OK,OK,OK
13,2,cow,1,5,OK,OK,OK
13,2,chicken,3,4,OK,OK,OK
13,2,pig,3,2,OK,OK,OK
13,2,mouse,3,1,OK,OK,OK
13,2,butterfly,2,3,OK,OK,OK
13,2,penguin,1,2,OK,OK,OK
13,2,watering can,1,3,OK,OK,OK
13,2,wheelbarrow ,1,4,OK,OK,OK
13,2,shovel,2,1,OK,OK,OK
13,2,broom,4,1,OK,OK,OK
13,2,scissors,3,5,OK,OK,OK
13,2,hammer,2,2,OK,OK,OK
13,2,apple,1,1,OK,OK,OK
13,2,lettuce,4,5,OK,OK,OK
13,2,corn,5,5,OK,OK,OK
13,2,pineapple,3,3,OK,OK,OK
13,2,mushroom,2,5,OK,OK,OK
13,2,walnut,2,4,OK,OK,OK
12,1,boots,1,1,OK,OK,OK
12,1,cat,8,5,OK,OK,OK
12,1,crab,8,8,OK,OK,OK
12,1,dolphin,7,8,OK,OK,OK
12,1,flamingo,1,10,OK,OK,OK
12,1,hotdog,5,6,OK,OK,OK
12,1,ice cream,4,10,Changed,3,10
12,1,onion,2,5,OK,OK,OK
12,1,owl,10,6,OK,OK,OK
12,1,pajamas,7,4,OK,OK,OK
12,1,pumpkin,4,8,OK,OK,OK
12,1,sandals,9,8,OK,OK,OK
12,1,scarf,1,8,OK,OK,OK
12,1,shorts,8,2,OK,OK,OK
12,1,spaghetti,5,3,OK,OK,OK
12,1,sunglasses,9,9,OK,OK,OK
12,1,turtle,10,1,OK,OK,OK
12,1,watermelon,6,1,OK,OK,OK
12,2,cow,10,2,OK,OK,OK
12,2,chicken,6,2,OK,OK,OK
12,2,pig,5,5,OK,OK,OK
12,2,mouse,5,7,OK,OK,OK
12,2,butterfly,8,2,OK,OK,OK
12,2,penguin,7,5,OK,OK,OK
12,2,watering can,2,6,OK,OK,OK
12,2,wheelbarrow ,6,5,OK,OK,OK
12,2,shovel,8,10,Changed,7,10
12,2,broom,3,3,OK,OK,OK
12,2,scissors,7,8,OK,OK,OK
12,2,hammer,1,8,OK,OK,OK
12,2,apple,3,6,OK,OK,OK
12,2,lettuce,2,10,OK,OK,OK
12,2,corn,10,10,OK,OK,OK
12,2,pineapple,10,6,OK,OK,OK
12,2,mushroom,1,4,OK,OK,OK
12,2,walnut,3,9,OK,OK,OK
19,1,boots,1,10,OK,OK,OK
19,1,cat,5,4,OK,OK,OK
19,1,crab,2,7,OK,OK,OK
19,1,dolphin,3,6,OK,OK,OK
19,1,flamingo,6,3,OK,OK,OK
19,1,hotdog,5,1,OK,OK,OK
19,1,ice cream,6,2,OK,OK,OK
19,1,onion,10,5,OK,OK,OK
19,1,owl,1,8,OK,OK,OK
19,1,pajamas,4,7,OK,OK,OK
19,1,pumpkin,9,4,OK,OK,OK
19,1,sandals,5,6,OK,OK,OK
19,1,scarf,6,5,OK,OK,OK
19,1,shorts,2,9,OK,OK,OK
19,1,spaghetti,7,2,OK,OK,OK
19,1,sunglasses,3,8,OK,OK,OK
19,1,turtle,4,5,OK,OK,OK
19,1,watermelon,8,3,OK,OK,OK
19,2,cow,4,4,OK,OK,OK
19,2,chicken,3,3,OK,OK,OK
19,2,pig,5,5,OK,OK,OK
19,2,mouse,1,1,OK,OK,OK
19,2,butterfly,6,6,OK,OK,OK
19,2,penguin,2,2,OK,OK,OK
19,2,watering can,7,6,OK,OK,OK
19,2,wheelbarrow ,8,5,OK,OK,OK
19,2,shovel,10,9,OK,OK,OK
19,2,broom,9,8,OK,OK,OK
19,2,scissors,7,7,OK,OK,OK
19,2,hammer,8,7,OK,OK,OK
19,2,apple,3,8,OK,OK,OK
19,2,lettuce,5,6,OK,OK,OK
19,2,corn,6,5,OK,OK,OK
19,2,pineapple,2,9,OK,OK,OK
19,2,mushroom,4,7,OK,OK,OK
19,2,walnut,1,10,OK,OK,OK
24,1,boots,8,8,OK,OK,OK
24,1,cat,2,9,OK,OK,OK
24,1,crab,9,4,OK,OK,OK
24,1,dolphin,9,10,OK,OK,OK
24,1,flamingo,9,2,OK,OK,OK
24,1,hotdog,1,1,OK,OK,OK
24,1,ice cream,4,6,OK,OK,OK
24,1,onion,2,1,OK,OK,OK
24,1,owl,6,9,OK,OK,OK
24,1,pajamas,10,6,OK,OK,OK
24,1,pumpkin,3,3,OK,OK,OK
24,1,sandals,6,6,OK,OK,OK
24,1,scarf,1,5,OK,OK,OK
24,1,shorts,5,6,OK,OK,OK
24,1,spaghetti,5,3,OK,OK,OK
24,1,sunglasses,7,6,OK,OK,OK
24,1,turtle,10,10,OK,OK,OK
24,1,watermelon,2,3,OK,OK,OK
24,2,cow,6,3,OK,OK,OK
24,2,chicken,3,3,OK,OK,OK
24,2,pig,4,3,OK,OK,OK
24,2,mouse,5,3,OK,OK,OK
24,2,butterfly,10,1,OK,OK,OK
24,2,penguin,8,6,OK,OK,OK
24,2,watering can,7,9,OK,OK,OK
24,2,wheelbarrow ,3,5,OK,OK,OK
24,2,shovel,4,5,OK,OK,OK
24,2,broom,4,9,OK,OK,OK
24,2,scissors,2,10,OK,OK,OK
24,2,hammer,1,10,OK,OK,OK
24,2,apple,3,1,OK,OK,OK
24,2,lettuce,1,1,OK,OK,OK
24,2,corn,4,1,OK,OK,OK
24,2,pineapple,2,1,OK,OK,OK
24,2,mushroom,10,4,OK,OK,OK
24,2,walnut,10,10,OK,OK,OK
18,1,boots,8,4,OK,OK,OK
18,1,cat,4,1,OK,OK,OK
18,1,crab,3,2,OK,OK,OK
18,1,dolphin,5,1,OK,OK,OK
18,1,flamingo,5,2,OK,OK,OK
18,1,hotdog,3,8,OK,OK,OK
18,1,ice cream,5,7,OK,OK,OK
18,1,onion,5,8,OK,OK,OK
18,1,owl,4,2,OK,OK,OK
18,1,pajamas,7,3,OK,OK,OK
18,1,pumpkin,3,7,OK,OK,OK
18,1,sandals,6,3,OK,OK,OK
18,1,scarf,7,4,OK,OK,OK
18,1,shorts,7,5,OK,OK,OK
18,1,spaghetti,4,8,OK,OK,OK
18,1,sunglasses,8,5,OK,OK,OK
18,1,turtle,3,1,OK,OK,OK
18,1,watermelon,4,7,OK,OK,OK
18,2,cow,6,4,OK,OK,OK
18,2,chicken,5,5,OK,OK,OK
18,2,pig,5,4,OK,OK,OK
18,2,mouse,6,5,OK,OK,OK
18,2,butterfly,8,7,OK,OK,OK
18,2,penguin,7,4,OK,OK,OK
18,2,watering can,4,8,OK,OK,OK
18,2,wheelbarrow ,3,8,OK,OK,OK
18,2,shovel,2,7,OK,OK,OK
18,2,broom,2,8,OK,OK,OK
18,2,scissors,3,7,OK,OK,OK
18,2,hammer,4,7,OK,OK,OK
18,2,apple,6,1,OK,OK,OK
18,2,lettuce,4,1,OK,OK,OK
18,2,corn,5,2,OK,OK,OK
18,2,pineapple,4,2,OK,OK,OK
18,2,mushroom,9,3,OK,OK,OK
18,2,walnut,5,1,OK,OK,OK
25,1,boots,10,1,OK,OK,OK
25,1,cat,1,5,OK,OK,OK
25,1,crab,5,4,OK,OK,OK
25,1,dolphin,9,5,OK,OK,OK
25,1,flamingo,3,3,OK,OK,OK
25,1,hotdog,5,9,OK,OK,OK
25,1,ice cream,7,10,OK,OK,OK
25,1,onion,6,2,OK,OK,OK
25,1,owl,6,7,OK,OK,OK
25,1,pajamas,10,10,OK,OK,OK
25,1,pumpkin,1,9,OK,OK,OK
25,1,sandals,2,8,OK,OK,OK
25,1,scarf,1,1,OK,OK,OK
25,1,shorts,4,7,OK,OK,OK
25,1,spaghetti,5,1,OK,OK,OK
25,1,sunglasses,3,6,OK,OK,OK
25,1,turtle,9,7,OK,OK,OK
25,1,watermelon,2,10,OK,OK,OK
25,2,cow,6,7,OK,OK,OK
25,2,chicken,9,4,OK,OK,OK
25,2,pig,9,6,OK,OK,OK
25,2,mouse,8,8,OK,OK,OK
25,2,butterfly,6,1,OK,OK,OK
25,2,penguin,8,3,OK,OK,OK
25,2,watering can,7,5,OK,OK,OK
25,2,wheelbarrow ,6,4,OK,OK,OK
25,2,shovel,2,2,OK,OK,OK
25,2,broom,5,8,OK,OK,OK
25,2,scissors,7,10,OK,OK,OK
25,2,hammer,1,1,OK,OK,OK
25,2,apple,1,10,OK,OK,OK
25,2,lettuce,2,8,OK,OK,OK
25,2,corn,4,5,OK,OK,OK
25,2,pineapple,4,1,OK,OK,OK
25,2,mushroom,1,6,OK,OK,OK
25,2,walnut,3,4,OK,OK,OK
15,1,boots,8,1,OK,OK,OK
15,1,cat,7,6,OK,OK,OK
15,1,crab,7,5,OK,OK,OK
15,1,dolphin,8,6,OK,OK,OK
15,1,flamingo,6,6,OK,OK,OK
15,1,hotdog,1,9,OK,OK,OK
15,1,ice cream,1,7,OK,OK,OK
15,1,onion,2,8,OK,OK,OK
15,1,owl,6,5,OK,OK,OK
15,1,pajamas,9,3,OK,OK,OK
15,1,pumpkin,1,8,OK,OK,OK
15,1,sandals,10,1,OK,OK,OK
15,1,scarf,10,2,OK,OK,OK
15,1,shorts,9,1,OK,OK,OK
15,1,spaghetti,2,9,OK,OK,OK
15,1,sunglasses,9,2,OK,OK,OK
15,1,turtle,8,7,OK,OK,OK
15,1,watermelon,2,7,OK,OK,OK
15,2,cow,8,3,OK,OK,OK
15,2,chicken,9,2,OK,OK,OK
15,2,pig,7,3,OK,OK,OK
15,2,mouse,8,2,OK,OK,OK
15,2,butterfly,9,3,OK,OK,OK
15,2,penguin,7,2,OK,OK,OK
15,2,watering can,10,9,OK,OK,OK
15,2,wheelbarrow ,10,10,OK,OK,OK
15,2,shovel,9,9,OK,OK,OK
15,2,broom,9,8,OK,OK,OK
15,2,scissors,9,10,OK,OK,OK
15,2,hammer,10,8,OK,OK,OK
15,2,apple,2,8,OK,OK,OK
15,2,lettuce,2,7,OK,OK,OK
15,2,corn,2,6,OK,OK,OK
15,2,pineapple,1,6,OK,OK,OK
15,2,mushroom,1,8,OK,OK,OK
15,2,walnut,1,7,OK,OK,OK
17,1,boots,7,2,OK,OK,OK
17,1,cat,6,10,OK,OK,OK
17,1,crab,4,1,OK,OK,OK
17,1,dolphin,5,1,OK,OK,OK
17,1,flamingo,1,1,OK,OK,OK
17,1,hotdog,4,7,OK,OK,OK
17,1,ice cream,5,3,OK,OK,OK
17,1,onion,3,6,OK,OK,OK
17,1,owl,8,7,OK,OK,OK
17,1,pajamas,10,10,OK,OK,OK
17,1,pumpkin,2,6,OK,OK,OK
17,1,sandals,4,3,OK,OK,OK
17,1,scarf,8,2,OK,OK,OK
17,1,shorts,4,2,OK,OK,OK
17,1,spaghetti,3,7,OK,OK,OK
17,1,sunglasses,5,2,OK,OK,OK
17,1,turtle,1,10,OK,OK,OK
17,1,watermelon,4,6,OK,OK,OK
17,2,cow,1,1,OK,OK,OK
17,2,chicken,3,1,OK,OK,OK
17,2,pig,2,1,OK,OK,OK
17,2,mouse,2,2,OK,OK,OK
17,2,butterfly,1,2,OK,OK,OK
17,2,penguin,3,2,OK,OK,OK
17,2,watering can,9,3,OK,OK,OK
17,2,wheelbarrow ,9,2,OK,OK,OK
17,2,shovel,10,1,OK,OK,OK
17,2,broom,9,1,OK,OK,OK
17,2,scissors,8,2,OK,OK,OK
17,2,hammer,10,2,OK,OK,OK
17,2,apple,8,7,OK,OK,OK
17,2,lettuce,6,7,OK,OK,OK
17,2,corn,6,8,OK,OK,OK
17,2,pineapple,7,7,OK,OK,OK
17,2,mushroom,7,8,OK,OK,OK
17,2,walnut,8,8,OK,OK,OK
16,1,boots,6,3,OK,OK,OK
16,1,cat,1,1,OK,OK,OK
16,1,crab,10,9,OK,OK,OK
16,1,dolphin,8,9,OK,OK,OK
16,1,flamingo,3,3,OK,OK,OK
16,1,hotdog,10,1,OK,OK,OK
16,1,ice cream,3,5,OK,OK,OK
16,1,onion,6,1,OK,OK,OK
16,1,owl,2,3,OK,OK,OK
16,1,pajamas,10,5,OK,OK,OK
16,1,pumpkin,7,6,OK,OK,OK
16,1,sandals,2,8,OK,OK,OK
16,1,scarf,7,3,OK,OK,OK
16,1,shorts,9,5,OK,OK,OK
16,1,spaghetti,7,1,OK,OK,OK
16,1,sunglasses,3,8,OK,OK,OK
16,1,turtle,9,9,OK,OK,OK
16,1,watermelon,4,5,OK,OK,OK
16,2,cow,3,5,OK,OK,OK
16,2,chicken,8,2,OK,OK,OK
16,2,pig,2,8,OK,OK,OK
16,2,mouse,6,1,OK,OK,OK
16,2,butterfly,10,5,OK,OK,OK
16,2,penguin,5,6,OK,OK,OK
16,2,watering can,3,3,OK,OK,OK
16,2,wheelbarrow ,4,3,OK,OK,OK
16,2,shovel,8,8,OK,OK,OK
16,2,broom,10,1,OK,OK,OK
16,2,scissors,7,6,OK,OK,OK
16,2,hammer,7,8,OK,OK,OK
16,2,apple,7,4,OK,OK,OK
16,2,lettuce,10,10,OK,OK,OK
16,2,corn,1,4,OK,OK,OK
16,2,pineapple,6,4,OK,OK,OK
16,2,mushroom,1,1,OK,OK,OK
16,2,walnut,1,10,OK,OK,OK
20,1,boots,4,3,OK,OK,OK
20,1,cat,8,8,OK,OK,OK
20,1,crab,8,6,OK,OK,OK
20,1,dolphin,5,6,OK,OK,OK
20,1,flamingo,5,10,OK,OK,OK
20,1,hotdog,1,10,OK,OK,OK
20,1,ice cream,5,8,OK,OK,OK
20,1,onion,10,7,OK,OK,OK
20,1,owl,2,5,OK,OK,OK
20,1,pajamas,7,4,OK,OK,OK
20,1,pumpkin,2,8,OK,OK,OK
20,1,sandals,1,1,OK,OK,OK
20,1,scarf,9,4,OK,OK,OK
20,1,shorts,2,3,OK,OK,OK
20,1,spaghetti,10,10,OK,OK,OK
20,1,sunglasses,10,1,OK,OK,OK
20,1,turtle,7,1,OK,OK,OK
20,1,watermelon,4,1,OK,OK,OK
20,2,cow,2,10,OK,OK,OK
20,2,chicken,2,7,OK,OK,OK
20,2,pig,5,4,OK,OK,OK
20,2,mouse,7,8,OK,OK,OK
20,2,butterfly,10,5,OK,OK,OK
20,2,penguin,2,4,OK,OK,OK
20,2,watering can,5,10,OK,OK,OK
20,2,wheelbarrow ,6,6,OK,OK,OK
20,2,shovel,9,7,OK,OK,OK
20,2,broom,10,9,OK,OK,OK
20,2,scissors,5,1,OK,OK,OK
20,2,hammer,4,6,OK,OK,OK
20,2,apple,10,1,OK,OK,OK
20,2,lettuce,8,10,OK,OK,OK
20,2,corn,1,1,OK,OK,OK
20,2,pineapple,8,3,OK,OK,OK
20,2,mushroom,4,8,OK,OK,OK
20,2,walnut,3,2,OK,OK,OK
14,1,boots,3,1,OK,OK,OK
14,1,cat,10,3,OK,OK,OK
14,1,crab,10,4,OK,OK,OK
14,1,dolphin,10,6,OK,OK,OK
14,1,flamingo,10,1,OK,OK,OK
14,1,hotdog,5,4,OK,OK,OK
14,1,ice cream,5,10,OK,OK,OK
14,1,onion,5,3,OK,OK,OK
14,1,owl,10,2,OK,OK,OK
14,1,pajamas,2,4,OK,OK,OK
14,1,pumpkin,5,5,OK,OK,OK
14,1,sandals,5,1,OK,OK,OK
14,1,scarf,2,1,OK,OK,OK
14,1,shorts,6,1,OK,OK,OK
14,1,spaghetti,8,8,OK,OK,OK
14,1,sunglasses,7,1,OK,OK,OK
14,1,turtle,10,5,OK,OK,OK
14,1,watermelon,5,6,OK,OK,OK
14,2,cow,1,1,OK,OK,OK
14,2,chicken,5,3,OK,OK,OK
14,2,pig,7,4,OK,OK,OK
14,2,mouse,2,1,OK,OK,OK
14,2,butterfly,2,2,OK,OK,OK
14,2,penguin,1,2,OK,OK,OK
14,2,watering can,5,5,OK,OK,OK
14,2,wheelbarrow ,6,1,OK,OK,OK
14,2,shovel,5,1,OK,OK,OK
14,2,broom,1,5,OK,OK,OK
14,2,scissors,3,4,OK,OK,OK
14,2,hammer,4,8,OK,OK,OK
14,2,apple,10,2,OK,OK,OK
14,2,lettuce,10,3,OK,OK,OK
14,2,corn,10,4,OK,OK,OK
14,2,pineapple,10,1,OK,OK,OK
14,2,mushroom,10,10,OK,OK,OK
14,2,walnut,10,5,OK,OK,OK
22,1,boots,6,2,OK,OK,OK
22,1,cat,3,5,OK,OK,OK
22,1,crab,6,6,OK,OK,OK
22,1,dolphin,7,6,OK,OK,OK
22,1,flamingo,4,5,OK,OK,OK
22,1,hotdog,9,10,OK,OK,OK
22,1,ice cream,10,10,OK,OK,OK
22,1,onion,8,10,OK,OK,OK
22,1,owl,5,5,OK,OK,OK
22,1,pajamas,6,1,OK,OK,OK
22,1,pumpkin,10,1,OK,OK,OK
22,1,sandals,5,2,OK,OK,OK
22,1,scarf,5,1,OK,OK,OK
22,1,shorts,7,2,OK,OK,OK
22,1,spaghetti,6,10,OK,OK,OK
22,1,sunglasses,4,2,OK,OK,OK
22,1,turtle,8,6,OK,OK,OK
22,1,watermelon,7,10,OK,OK,OK
22,2,cow,6,6,OK,OK,OK
22,2,chicken,5,4,OK,OK,OK
22,2,pig,5,5,OK,OK,OK
22,2,mouse,6,4,OK,OK,OK
22,2,butterfly,5,2,OK,OK,OK
22,2,penguin,7,5,OK,OK,OK
22,2,watering can,10,2,OK,OK,OK
22,2,wheelbarrow ,9,2,OK,OK,OK
22,2,shovel,10,1,OK,OK,OK
22,2,broom,8,1,OK,OK,OK
22,2,scissors,9,6,OK,OK,OK
22,2,hammer,9,1,OK,OK,OK
22,2,apple,3,7,OK,OK,OK
22,2,lettuce,1,2,OK,OK,OK
22,2,corn,2,2,OK,OK,OK
22,2,pineapple,4,7,OK,OK,OK
22,2,mushroom,1,1,OK,OK,OK
22,2,walnut,2,7,OK,OK,OK
23,1,boots,2,5,OK,OK,OK
23,1,cat,4,3,OK,OK,OK
23,1,crab,5,4,OK,OK,OK
23,1,dolphin,6,4,OK,OK,OK
23,1,flamingo,6,3,OK,OK,OK
23,1,hotdog,8,7,OK,OK,OK
23,1,ice cream,7,7,OK,OK,OK
23,1,onion,9,7,OK,OK,OK
23,1,owl,5,3,OK,OK,OK
23,1,pajamas,2,7,OK,OK,OK
23,1,pumpkin,7,6,OK,OK,OK
23,1,sandals,2,6,OK,OK,OK
23,1,scarf,2,8,OK,OK,OK
23,1,shorts,3,7,OK,OK,OK
23,1,spaghetti,8,6,OK,OK,OK
23,1,sunglasses,1,7,OK,OK,OK
23,1,turtle,4,4,OK,OK,OK
23,1,watermelon,9,6,OK,OK,OK
23,2,cow,7,8,OK,OK,OK
23,2,chicken,7,7,OK,OK,OK
23,2,pig,7,5,OK,OK,OK
23,2,mouse,7,6,OK,OK,OK
23,2,butterfly,7,4,OK,OK,OK
23,2,penguin,7,9,OK,OK,OK
23,2,watering can,2,3,OK,OK,OK
23,2,wheelbarrow ,2,4,OK,OK,OK
23,2,shovel,1,5,OK,OK,OK
23,2,broom,2,5,OK,OK,OK
23,2,scissors,1,4,OK,OK,OK
23,2,hammer,1,3,OK,OK,OK
23,2,apple,1,9,OK,OK,OK
23,2,lettuce,1,8,OK,OK,OK
23,2,corn,1,10,OK,OK,OK
23,2,pineapple,2,10,OK,OK,OK
23,2,mushroom,2,9,OK,OK,OK
23,2,walnut,2,8,OK,OK,OK
21,1,boots,4,6,OK,OK,OK
21,1,cat,8,1,Changed,8,10
21,1,crab,10,4,OK,OK,OK
21,1,dolphin,10,7,OK,OK,OK
21,1,flamingo,6,6,OK,OK,OK
21,1,hotdog,1,1,OK,OK,OK
21,1,ice cream,1,8,OK,OK,OK
21,1,onion,10,10,OK,OK,OK
21,1,owl,6,8,OK,OK,OK
21,1,pajamas,4,8,OK,OK,OK
21,1,pumpkin,not present,not present,not present,not present,not present
21,1,sandals,3,5,OK,OK,OK
21,1,scarf,4,10,OK,OK,OK
21,1,shorts,8,8,OK,OK,OK
21,1,spaghetti,7,5,OK,OK,OK
21,1,sunglasses,2,10,OK,OK,OK
21,1,turtle,9,1,OK,OK,OK
21,1,watermelon,6,1,OK,OK,OK
21,2,cow,9,6,OK,OK,OK
21,2,chicken,10,5,OK,OK,OK
21,2,pig,8,5,OK,OK,OK
21,2,mouse,9,4,OK,OK,OK
21,2,butterfly,9,5,OK,OK,OK
21,2,penguin,10,6,OK,OK,OK
21,2,watering can,8,1,OK,OK,OK
21,2,wheelbarrow ,8,2,OK,OK,OK
21,2,shovel,9,2,OK,OK,OK
21,2,broom,7,2,OK,OK,OK
21,2,scissors,3,10,OK,OK,OK
21,2,hammer,9,1,OK,OK,OK
21,2,apple,6,10,OK,OK,OK
21,2,lettuce,5,10,OK,OK,OK
21,2,corn,10,10,OK,OK,OK
21,2,pineapple,6,9,OK,OK,OK
21,2,mushroom,2,3,OK,OK,OK
21,2,walnut,5,9,OK,OK,OK
27,1,boots,1,8,Changed,6,8
27,1,cat,10,8,Changed,10,9
27,1,crab,8,9,OK,OK,OK
27,1,dolphin,6,9,OK,OK,OK
27,1,flamingo,7,9,OK,OK,OK
27,1,hotdog,9,10,OK,OK,OK
27,1,ice cream,6,10,OK,OK,OK
27,1,onion,10,10,OK,OK,OK
27,1,owl,9,9,OK,OK,OK
27,1,pajamas,8,8,OK,OK,OK
27,1,pumpkin,7,10,OK,OK,OK
27,1,sandals,7,8,OK,OK,OK
27,1,scarf,9,8,OK,OK,OK
27,1,shorts,5,8,OK,OK,OK
27,1,spaghetti,8,10,OK,OK,OK
27,1,sunglasses,10,8,OK,OK,OK
27,1,turtle,5,9,OK,OK,OK
27,1,watermelon,5,10,OK,OK,OK
27,2,cow,10,10,OK,OK,OK
27,2,chicken,9,10,OK,OK,OK
27,2,pig,7,10,OK,OK,OK
27,2,mouse,8,10,OK,OK,OK
27,2,butterfly,5,10,OK,OK,OK
27,2,penguin,6,10,OK,OK,OK
27,2,watering can,9,9,OK,OK,OK
27,2,wheelbarrow ,5,9,OK,OK,OK
27,2,shovel,6,9,OK,OK,OK
27,2,broom,7,9,OK,OK,OK
27,2,scissors,8,9,OK,OK,OK
27,2,hammer,10,9,OK,OK,OK
27,2,apple,7,8,OK,OK,OK
27,2,lettuce,5,8,OK,OK,OK
27,2,corn,9,8,OK,OK,OK
27,2,pineapple,6,8,OK,OK,OK
27,2,mushroom,10,8,OK,OK,OK
27,2,walnut,8,8,OK,OK,OK
26,1,boots,4,3,OK,OK,OK
26,1,cat,6,5,OK,OK,OK
26,1,crab,5,5,OK,OK,OK
26,1,dolphin,4,5,OK,OK,OK
26,1,flamingo,8,5,OK,OK,OK
26,1,hotdog,10,3,OK,OK,OK
26,1,ice cream,8,3,OK,OK,OK
26,1,onion,7,1,OK,OK,OK
26,1,owl,7,5,OK,OK,OK
26,1,pajamas,3,9,OK,OK,OK
26,1,pumpkin,4,3,Changed,4,8
26,1,sandals,2,3,OK,OK,OK
26,1,scarf,4,2,OK,OK,OK
26,1,shorts,3,3,OK,OK,OK
26,1,spaghetti,9,3,OK,OK,OK
26,1,sunglasses,1,3,OK,OK,OK
26,1,turtle,9,5,OK,OK,OK
26,1,watermelon,6,1,OK,OK,OK
26,2,cow,10,6,OK,OK,OK
26,2,chicken,3,3,OK,OK,OK
26,2,pig,9,6,OK,OK,OK
26,2,mouse,5,8,OK,OK,OK
26,2,butterfly,7,8,OK,OK,OK
26,2,penguin,10,7,OK,OK,OK
26,2,watering can,8,4,OK,OK,OK
26,2,wheelbarrow ,1,8,OK,OK,OK
26,2,shovel,1,3,OK,OK,OK
26,2,broom,7,4,OK,OK,OK
26,2,scissors,5,3,OK,OK,OK
26,2,hammer,3,5,OK,OK,OK
26,2,apple,2,1,OK,OK,OK
26,2,lettuce,5,1,OK,OK,OK
26,2,corn,7,1,OK,OK,OK
26,2,pineapple,4,1,OK,OK,OK
26,2,mushroom,3,1,OK,OK,OK
26,2,walnut,6,1,OK,OK,OK
36,1,boots,4,9,OK,OK,OK
36,1,cat,4,1,OK,OK,OK
36,1,crab,6,1,OK,OK,OK
36,1,dolphin,1,1,OK,OK,OK
36,1,flamingo,3,1,OK,OK,OK
36,1,hotdog,3,5,OK,OK,OK
36,1,ice cream,5,5,OK,OK,OK
36,1,onion,2,5,OK,OK,OK
36,1,owl,5,1,OK,OK,OK
36,1,pajamas,7,9,Changed,6,9
36,1,pumpkin,1,5,OK,OK,OK
36,1,sandals,2,9,OK,OK,OK
36,1,scarf,5,9,OK,OK,OK
36,1,shorts,1,9,OK,OK,OK
36,1,spaghetti,6,5,OK,OK,OK
36,1,sunglasses,3,9,OK,OK,OK
36,1,turtle,2,1,OK,OK,OK
36,1,watermelon,4,5,OK,OK,OK
36,2,cow,10,7,OK,OK,OK
36,2,chicken,5,7,OK,OK,OK
36,2,pig,9,7,OK,OK,OK
36,2,mouse,6,7,OK,OK,OK
36,2,butterfly,7,7,OK,OK,OK
36,2,penguin,8,7,OK,OK,OK
36,2,watering can,7,3,OK,OK,OK
36,2,wheelbarrow ,8,3,OK,OK,OK
36,2,shovel,6,3,OK,OK,OK
36,2,broom,5,3,OK,OK,OK
36,2,scissors,1,1,OK,OK,OK
36,2,hammer,1,5,OK,OK,OK
36,2,apple,3,10,OK,OK,OK
36,2,lettuce,1,10,OK,OK,OK
36,2,corn,4,10,OK,OK,OK
36,2,pineapple,2,10,OK,OK,OK
36,2,mushroom,6,10,OK,OK,OK
36,2,walnut,5,10,OK,OK,OK
42,1,boots,6,5,OK,OK,OK
42,1,cat,10,2,OK,OK,OK
42,1,crab,9,1,OK,OK,OK
42,1,dolphin,8,2,OK,OK,OK
42,1,flamingo,9,2,OK,OK,OK
42,1,hotdog,1,1,OK,OK,OK
42,1,ice cream,1,2,OK,OK,OK
42,1,onion,2,2,OK,OK,OK
42,1,owl,8,1,OK,OK,OK
42,1,pajamas,5,4,OK,OK,OK
42,1,pumpkin,3,2,OK,OK,OK
42,1,sandals,6,4,OK,OK,OK
42,1,scarf,5,5,OK,OK,OK
42,1,shorts,6,3,OK,OK,OK
42,1,spaghetti,3,1,OK,OK,OK
42,1,sunglasses,5,3,OK,OK,OK
42,1,turtle,10,1,OK,OK,OK
42,1,watermelon,2,1,OK,OK,OK
42,2,cow,10,2,OK,OK,OK
42,2,chicken,9,2,OK,OK,OK
42,2,pig,8,2,OK,OK,OK
42,2,mouse,8,1,OK,OK,OK
42,2,butterfly,9,1,OK,OK,OK
42,2,penguin,10,1,OK,OK,OK
42,2,watering can,8,4,OK,OK,OK
42,2,wheelbarrow ,6,4,OK,OK,OK
42,2,shovel,5,4,OK,OK,OK
42,2,broom,9,4,OK,OK,OK
42,2,scissors,10,4,OK,OK,OK
42,2,hammer,7,4,OK,OK,OK
42,2,apple,2,2,OK,OK,OK
42,2,lettuce,3,2,OK,OK,OK
42,2,corn,2,1,OK,OK,OK
42,2,pineapple,3,3,OK,OK,OK
42,2,mushroom,2,3,OK,OK,OK
42,2,walnut,3,1,OK,OK,OK
43,1,boots,10,10,OK,OK,OK
43,1,cat,6,7,OK,OK,OK
43,1,crab,6,9,OK,OK,OK
43,1,dolphin,4,5,OK,OK,OK
43,1,flamingo,6,3,OK,OK,OK
43,1,hotdog,9,5,OK,OK,OK
43,1,ice cream,1,1,OK,OK,OK
43,1,onion,7,1,OK,OK,OK
43,1,owl,9,3,OK,OK,OK
43,1,pajamas,4,1,OK,OK,OK
43,1,pumpkin,2,10,OK,OK,OK
43,1,sandals,9,10,OK,OK,OK
43,1,scarf,1,5,OK,OK,OK
43,1,shorts,10,8,OK,OK,OK
43,1,spaghetti,2,7,OK,OK,OK
43,1,sunglasses,9,8,OK,OK,OK
43,1,turtle,10,1,OK,OK,OK
43,1,watermelon,3,10,OK,OK,OK
43,2,cow,8,4,OK,OK,OK
43,2,chicken,9,7,OK,OK,OK
43,2,pig,5,10,OK,OK,OK
43,2,mouse,10,10,OK,OK,OK
43,2,butterfly,4,2,OK,OK,OK
43,2,penguin,1,1,OK,OK,OK
43,2,watering can,1,4,OK,OK,OK
43,2,wheelbarrow ,7,1,OK,OK,OK
43,2,shovel,6,1,OK,OK,OK
43,2,broom,6,8,OK,OK,OK
43,2,scissors,10,4,OK,OK,OK
43,2,hammer,2,8,OK,OK,OK
43,2,apple,9,1,OK,OK,OK
43,2,lettuce,5,6,OK,OK,OK
43,2,corn,3,7,OK,OK,OK
43,2,pineapple,3,4,OK,OK,OK
43,2,mushroom,6,4,OK,OK,OK
43,2,walnut,10,1,OK,OK,OK
44,1,boots,9,1,OK,OK,OK
44,1,cat,1,10,OK,OK,OK
44,1,crab,5,10,OK,OK,OK
44,1,dolphin,3,10,OK,OK,OK
44,1,flamingo,4,10,OK,OK,OK
44,1,hotdog,1,6,OK,OK,OK
44,1,ice cream,2,6,OK,OK,OK
44,1,onion,5,6,OK,OK,OK
44,1,owl,6,10,OK,OK,OK
44,1,pajamas,9,8,OK,OK,OK
44,1,pumpkin,1,1,OK,OK,OK
44,1,sandals,10,1,OK,OK,OK
44,1,scarf,10,8,OK,OK,OK
44,1,shorts,8,8,OK,OK,OK
44,1,spaghetti,3,6,OK,OK,OK
44,1,sunglasses,10,5,OK,OK,OK
44,1,turtle,2,10,OK,OK,OK
44,1,watermelon,4,6,OK,OK,OK
44,2,cow,7,5,OK,OK,OK
44,2,chicken,5,5,OK,OK,OK
44,2,pig,1,5,OK,OK,OK
44,2,mouse,10,5,OK,OK,OK
44,2,butterfly,1,7,OK,OK,OK
44,2,penguin,3,5,OK,OK,OK
44,2,watering can,4,10,OK,OK,OK
44,2,wheelbarrow ,2,10,OK,OK,OK
44,2,shovel,1,10,OK,OK,OK
44,2,broom,6,10,OK,OK,OK
44,2,scissors,8,10,OK,OK,OK
44,2,hammer,10,10,OK,OK,OK
44,2,apple,10,9,OK,OK,OK
44,2,lettuce,1,2,OK,OK,OK
44,2,corn,7,9,OK,OK,OK
44,2,pineapple,4,9,OK,OK,OK
44,2,mushroom,3,1,OK,OK,OK
44,2,walnut,10,1,OK,OK,OK
47,1,boots,1,10,OK,OK,OK
47,1,cat,6,1,OK,OK,OK
47,1,crab,1,1,OK,OK,OK
47,1,dolphin,2,1,OK,OK,OK
47,1,flamingo,10,10,OK,OK,OK
47,1,hotdog,6,5,OK,OK,OK
47,1,ice cream,6,10,OK,OK,OK
47,1,onion,7,8,OK,OK,OK
47,1,owl,5,1,OK,OK,OK
47,1,pajamas,4,6,OK,OK,OK
47,1,pumpkin,3,10,OK,OK,OK
47,1,sandals,5,6,OK,OK,OK
47,1,scarf,2,6,OK,OK,OK
47,1,shorts,3,6,OK,OK,OK
47,1,spaghetti,7,5,OK,OK,OK
47,1,sunglasses,1,6,OK,OK,OK
47,1,turtle,10,1,OK,OK,OK
47,1,watermelon,8,5,OK,OK,OK
47,2,cow,2,1,OK,OK,OK
47,2,chicken,1,1,OK,OK,OK
47,2,pig,3,1,OK,OK,OK
47,2,mouse,6,1,OK,OK,OK
47,2,butterfly,7,1,OK,OK,OK
47,2,penguin,9,10,OK,OK,OK
47,2,watering can,4,9,OK,OK,OK
47,2,wheelbarrow ,3,6,OK,OK,OK
47,2,shovel,6,6,OK,OK,OK
47,2,broom,5,9,OK,OK,OK
47,2,scissors,4,6,OK,OK,OK
47,2,hammer,5,6,OK,OK,OK
47,2,apple,1,6,OK,OK,OK
47,2,lettuce,1,10,OK,OK,OK
47,2,corn,2,10,OK,OK,OK
47,2,pineapple,9,7,OK,OK,OK
47,2,mushroom,10,1,OK,OK,OK
47,2,walnut,3,10,OK,OK,OK
45,1,boots,5,5,OK,OK,OK
45,1,cat,5,10,OK,OK,OK
45,1,crab,1,10,OK,OK,OK
45,1,dolphin,2,10,OK,OK,OK
45,1,flamingo,6,10,OK,OK,OK
45,1,hotdog,7,1,OK,OK,OK
45,1,ice cream,9,1,OK,OK,OK
45,1,onion,10,1,OK,OK,OK
45,1,owl,3,10,OK,OK,OK
45,1,pajamas,1,2,OK,OK,OK
45,1,pumpkin,6,1,OK,OK,OK
45,1,sandals,6,5,OK,OK,OK
45,1,scarf,2,2,OK,OK,OK
45,1,shorts,3,2,OK,OK,OK
45,1,spaghetti,5,1,OK,OK,OK
45,1,sunglasses,3,6,OK,OK,OK
45,1,turtle,4,10,OK,OK,OK
45,1,watermelon,8,1,OK,OK,OK
45,2,cow,5,2,OK,OK,OK
45,2,chicken,5,5,OK,OK,OK
45,2,pig,5,1,OK,OK,OK
45,2,mouse,5,4,OK,OK,OK
45,2,butterfly,5,3,OK,OK,OK
45,2,penguin,5,6,OK,OK,OK
45,2,watering can,1,5,OK,OK,OK
45,2,wheelbarrow ,1,1,OK,OK,OK
45,2,shovel,1,6,OK,OK,OK
45,2,broom,1,3,OK,OK,OK
45,2,scissors,1,2,OK,OK,OK
45,2,hammer,1,4,OK,OK,OK
45,2,apple,3,1,OK,OK,OK
45,2,lettuce,3,6,OK,OK,OK
45,2,corn,3,5,OK,OK,OK
45,2,pineapple,3,4,OK,OK,OK
45,2,mushroom,3,2,OK,OK,OK
45,2,walnut,3,3,OK,OK,OK
46,1,boots,1,2,OK,OK,OK
46,1,cat,6,3,OK,OK,OK
46,1,crab,6,6,OK,OK,OK
46,1,dolphin,6,2,OK,OK,OK
46,1,flamingo,6,5,OK,OK,OK
46,1,hotdog,10,9,OK,OK,OK
46,1,ice cream,6,8,OK,OK,OK
46,1,onion,1,10,OK,OK,OK
46,1,owl,6,1,OK,OK,OK
46,1,pajamas,1,4,OK,OK,OK
46,1,pumpkin,10,1,OK,OK,OK
46,1,sandals,1,1,OK,OK,OK
46,1,scarf,1,3,OK,OK,OK
46,1,shorts,1,5,OK,OK,OK
46,1,spaghetti,10,10,OK,OK,OK
46,1,sunglasses,6,9,OK,OK,OK
46,1,turtle,6,4,OK,OK,OK
46,1,watermelon,10,2,OK,OK,OK
46,2,cow,7,2,OK,OK,OK
46,2,chicken,4,5,OK,OK,OK
46,2,pig,6,9,OK,OK,OK
46,2,mouse,6,10,OK,OK,OK
46,2,butterfly,1,7,OK,OK,OK
46,2,penguin,2,5,OK,OK,OK
46,2,watering can,8,7,OK,OK,OK
46,2,wheelbarrow ,10,4,OK,OK,OK
46,2,shovel,10,3,OK,OK,OK
46,2,broom,1,3,OK,OK,OK
46,2,scissors,1,10,OK,OK,OK
46,2,hammer,7,5,OK,OK,OK
46,2,apple,10,9,OK,OK,OK
46,2,lettuce,4,1,OK,OK,OK
46,2,corn,4,2,OK,OK,OK
46,2,pineapple,10,10,OK,OK,OK
46,2,mushroom,4,7,OK,OK,OK
46,2,walnut,4,3,OK,OK,OK
38,1,boots,2,10,OK,OK,OK
38,1,cat,6,7,OK,OK,OK
38,1,crab,3,5,OK,OK,OK
38,1,dolphin,4,4,OK,OK,OK
38,1,flamingo,2,4,OK,OK,OK
38,1,hotdog,4,2,OK,OK,OK
38,1,ice cream,1,1,OK,OK,OK
38,1,onion,5,8,OK,OK,OK
38,1,owl,4,7,OK,OK,OK
38,1,pajamas,5,6,OK,OK,OK
38,1,pumpkin,3,1,OK,OK,OK
38,1,sandals,1,3,OK,OK,OK
38,1,scarf,1,8,OK,OK,OK
38,1,shorts,3,3,OK,OK,OK
38,1,spaghetti,6,5,OK,OK,OK
38,1,sunglasses,2,2,OK,OK,OK
38,1,turtle,6,10,OK,OK,OK
38,1,watermelon,1,5,OK,OK,OK
38,2,cow,7,8,OK,OK,OK
38,2,chicken,6,7,OK,OK,OK
38,2,pig,4,3,OK,OK,OK
38,2,mouse,4,5,OK,OK,OK
38,2,butterfly,5,4,OK,OK,OK
38,2,penguin,6,5,OK,OK,OK
38,2,watering can,8,5,OK,OK,OK
38,2,wheelbarrow ,10,6,OK,OK,OK
38,2,shovel,10,4,OK,OK,OK
38,2,broom,8,1,OK,OK,OK
38,2,scissors,10,7,OK,OK,OK
38,2,hammer,9,3,OK,OK,OK
38,2,apple,1,1,OK,OK,OK
38,2,lettuce,2,3,OK,OK,OK
38,2,corn,1,3,OK,OK,OK
38,2,pineapple,2,1,OK,OK,OK
38,2,mushroom,2,4,OK,OK,OK
38,2,walnut,1,5,OK,OK,OK
39,1,boots,4,5,OK,OK,OK
39,1,cat,10,3,OK,OK,OK
39,1,crab,9,1,OK,OK,OK
39,1,dolphin,9,2,OK,OK,OK
39,1,flamingo,10,2,OK,OK,OK
39,1,hotdog,5,10,OK,OK,OK
39,1,ice cream,8,7,OK,OK,OK
39,1,onion,1,10,OK,OK,OK
39,1,owl,9,3,OK,OK,OK
39,1,pajamas,10,10,OK,OK,OK
39,1,pumpkin,3,10,OK,OK,OK
39,1,sandals,2,1,OK,OK,OK
39,1,scarf,5,5,OK,OK,OK
39,1,shorts,3,1,OK,OK,OK
39,1,spaghetti,2,10,OK,OK,OK
39,1,sunglasses,1,1,OK,OK,OK
39,1,turtle,10,1,OK,OK,OK
39,1,watermelon,4,10,OK,OK,OK
39,2,cow,1,7,OK,OK,OK
39,2,chicken,4,7,OK,OK,OK
39,2,pig,3,7,OK,OK,OK
39,2,mouse,7,7,OK,OK,OK
39,2,butterfly,2,7,OK,OK,OK
39,2,penguin,5,7,OK,OK,OK
39,2,watering can,9,1,OK,OK,OK
39,2,wheelbarrow ,3,1,OK,OK,OK
39,2,shovel,1,1,OK,OK,OK
39,2,broom,2,1,OK,OK,OK
39,2,scissors,6,3,OK,OK,OK
39,2,hammer,7,3,OK,OK,OK
39,2,apple,10,1,OK,OK,OK
39,2,lettuce,9,2,OK,OK,OK
39,2,corn,6,7,OK,OK,OK
39,2,pineapple,1,10,OK,OK,OK
39,2,mushroom,2,10,OK,OK,OK
39,2,walnut,10,10,OK,OK,OK
37,1,boots,10,9,OK,OK,OK
37,1,cat,5,6,OK,OK,OK
37,1,crab,4,8,OK,OK,OK
37,1,dolphin,2,8,OK,OK,OK
37,1,flamingo,5,8,OK,OK,OK
37,1,hotdog,9,8,OK,OK,OK
37,1,ice cream,6,8,OK,OK,OK
37,1,onion,5,2,OK,OK,OK
37,1,owl,1,8,OK,OK,OK
37,1,pajamas,6,6,OK,OK,OK
37,1,pumpkin,3,2,OK,OK,OK
37,1,sandals,7,8,OK,OK,OK
37,1,scarf,7,6,OK,OK,OK
37,1,shorts,10,8,OK,OK,OK
37,1,spaghetti,8,6,OK,OK,OK
37,1,sunglasses,8,8,OK,OK,OK
37,1,turtle,3,8,OK,OK,OK
37,1,watermelon,4,2,OK,OK,OK
37,2,cow,3,1,OK,OK,OK
37,2,chicken,7,1,OK,OK,OK
37,2,pig,6,1,OK,OK,OK
37,2,mouse,4,1,OK,OK,OK
37,2,butterfly,2,1,OK,OK,OK
37,2,penguin,5,1,OK,OK,OK
37,2,watering can,2,6,OK,OK,OK
37,2,wheelbarrow ,3,6,OK,OK,OK
37,2,shovel,3,10,OK,OK,OK
37,2,broom,2,10,OK,OK,OK
37,2,scissors,10,6,OK,OK,OK
37,2,hammer,3,8,OK,OK,OK
37,2,apple,9,6,OK,OK,OK
37,2,lettuce,5,6,OK,OK,OK
37,2,corn,7,6,OK,OK,OK
37,2,pineapple,6,6,OK,OK,OK
37,2,mushroom,8,6,OK,OK,OK
37,2,walnut,4,6,OK,OK,OK
41,1,boots,2,2,OK,OK,OK
41,1,cat,1,7,OK,OK,OK
41,1,crab,6,9,OK,OK,OK
41,1,dolphin,4,9,OK,OK,OK
41,1,flamingo,3,7,OK,OK,OK
41,1,hotdog,6,5,OK,OK,OK
41,1,ice cream,7,5,OK,OK,OK
41,1,onion,4,5,OK,OK,OK
41,1,owl,2,7,OK,OK,OK
41,1,pajamas,10,10,OK,OK,OK
41,1,pumpkin,5,1,OK,OK,OK
41,1,sandals,1,2,OK,OK,OK
41,1,scarf,9,7,OK,OK,OK
41,1,shorts,9,4,OK,OK,OK
41,1,spaghetti,3,5,OK,OK,OK
41,1,sunglasses,10,1,OK,OK,OK
41,1,turtle,5,9,OK,OK,OK
41,1,watermelon,5,5,OK,OK,OK
41,2,cow,1,6,OK,OK,OK
41,2,chicken,10,1,OK,OK,OK
41,2,pig,2,6,OK,OK,OK
41,2,mouse,5,6,OK,OK,OK
41,2,butterfly,1,1,OK,OK,OK
41,2,penguin,4,8,OK,OK,OK
41,2,watering can,10,5,OK,OK,OK
41,2,wheelbarrow ,7,8,OK,OK,OK
41,2,shovel,6,8,OK,OK,OK
41,2,broom,4,1,OK,OK,OK
41,2,scissors,2,9,OK,OK,OK
41,2,hammer,9,10,OK,OK,OK
41,2,apple,3,3,OK,OK,OK
41,2,lettuce,6,3,OK,OK,OK
41,2,corn,5,3,OK,OK,OK
41,2,pineapple,4,3,OK,OK,OK
41,2,mushroom,8,3,OK,OK,OK
41,2,walnut,5,4,OK,OK,OK
50,1,boots,5,6,OK,OK,OK
50,1,cat,8,6,OK,OK,OK
50,1,crab,1,6,OK,OK,OK
50,1,dolphin,5,10,OK,OK,OK
50,1,flamingo,5,4,OK,OK,OK
50,1,hotdog,5,5,OK,OK,OK
50,1,ice cream,5,3,OK,OK,OK
50,1,onion,7,6,OK,OK,OK
50,1,owl,6,6,OK,OK,OK
50,1,pajamas,5,2,OK,OK,OK
50,1,pumpkin,5,1,OK,OK,OK
50,1,sandals,2,6,OK,OK,OK
50,1,scarf,4,6,OK,OK,OK
50,1,shorts,5,7,OK,OK,OK
50,1,spaghetti,5,8,OK,OK,OK
50,1,sunglasses,5,9,OK,OK,OK
50,1,turtle,3,6,OK,OK,OK
50,1,watermelon,9,6,OK,OK,OK
50,2,cow,9,10,OK,OK,OK
50,2,chicken,9,8,OK,OK,OK
50,2,pig,5,2,OK,OK,OK
50,2,mouse,5,1,OK,OK,OK
50,2,butterfly,4,1,OK,OK,OK
50,2,penguin,10,10,OK,OK,OK
50,2,watering can,6,1,OK,OK,OK
50,2,wheelbarrow ,8,1,OK,OK,OK
50,2,shovel,4,2,OK,OK,OK
50,2,broom,9,1,OK,OK,OK
50,2,scissors,10,1,OK,OK,OK
50,2,hammer,7,1,OK,OK,OK
50,2,apple,5,4,OK,OK,OK
50,2,lettuce,3,1,OK,OK,OK
50,2,corn,1,2,OK,OK,OK
50,2,pineapple,1,1,OK,OK,OK
50,2,mushroom,2,2,OK,OK,OK
50,2,walnut,2,1,OK,OK,OK
51,1,boots,8,3,OK,OK,OK
51,1,cat,4,10,OK,OK,OK
51,1,crab,3,10,OK,OK,OK
51,1,dolphin,5,10,OK,OK,OK
51,1,flamingo,8,10,OK,OK,OK
51,1,hotdog,8,7,OK,OK,OK
51,1,ice cream,6,7,OK,OK,OK
51,1,onion,10,7,OK,OK,OK
51,1,owl,6,10,OK,OK,OK
51,1,pajamas,6,3,OK,OK,OK
51,1,pumpkin,5,7,OK,OK,OK
51,1,sandals,7,3,OK,OK,OK
51,1,scarf,3,3,OK,OK,OK
51,1,shorts,4,3,OK,OK,OK
51,1,spaghetti,7,7,OK,OK,OK
51,1,sunglasses,5,3,OK,OK,OK
51,1,turtle,7,10,OK,OK,OK
51,1,watermelon,9,7,OK,OK,OK
51,2,cow,4,6,OK,OK,OK
51,2,chicken,5,6,OK,OK,OK
51,2,pig,2,6,OK,OK,OK
51,2,mouse,1,6,OK,OK,OK
51,2,butterfly,6,6,OK,OK,OK
51,2,penguin,3,6,OK,OK,OK
51,2,watering can,9,1,OK,OK,OK
51,2,wheelbarrow ,4,1,OK,OK,OK
51,2,shovel,8,1,OK,OK,OK
51,2,broom,5,1,OK,OK,OK
51,2,scissors,6,1,OK,OK,OK
51,2,hammer,7,1,OK,OK,OK
51,2,apple,9,10,OK,OK,OK
51,2,lettuce,6,10,OK,OK,OK
51,2,corn,5,10,OK,OK,OK
51,2,pineapple,10,10,OK,OK,OK
51,2,mushroom,8,10,OK,OK,OK
51,2,walnut,7,10,OK,OK,OK
40,1,boots,2,5,OK,OK,OK
40,1,cat,1,6,OK,OK,OK
40,1,crab,1,7,OK,OK,OK
40,1,dolphin,1,5,OK,OK,OK
40,1,flamingo,1,10,OK,OK,OK
40,1,hotdog,3,7,OK,OK,OK
40,1,ice cream,5,10,changed,4,10
40,1,onion,3,10,OK,OK,OK
40,1,owl,1,8,OK,OK,OK
40,1,pajamas,2,10,OK,OK,OK
40,1,pumpkin,3,8,OK,OK,OK
40,1,sandals,2,8,OK,OK,OK
40,1,scarf,2,9,OK,OK,OK
40,1,shorts,2,7,OK,OK,OK
40,1,spaghetti,3,6,OK,OK,OK
40,1,sunglasses,2,6,OK,OK,OK
40,1,turtle,1,9,OK,OK,OK
40,1,watermelon,3,9,OK,OK,OK
40,2,cow,5,1,OK,OK,OK
40,2,chicken,5,9,OK,OK,OK
40,2,pig,5,10,OK,OK,OK
40,2,mouse,5,7,OK,OK,OK
40,2,butterfly,1,8,OK,OK,OK
40,2,penguin,5,5,OK,OK,OK
40,2,watering can,1,10,OK,OK,OK
40,2,wheelbarrow ,5,6,OK,OK,OK
40,2,shovel,10,10,OK,OK,OK
40,2,broom,10,8,OK,OK,OK
40,2,scissors,5,3,OK,OK,OK
40,2,hammer,10,9,OK,OK,OK
40,2,apple,5,2,OK,OK,OK
40,2,lettuce,1,6,OK,OK,OK
40,2,corn,1,9,OK,OK,OK
40,2,pineapple,5,8,OK,OK,OK
40,2,mushroom,1,7,OK,OK,OK
40,2,walnut,5,4,OK,OK,OK
32,1,boots,10,9,OK,OK,OK
32,1,cat,10,7,OK,OK,OK
32,1,crab,1,2,OK,OK,OK
32,1,dolphin,6,9,OK,OK,OK
32,1,flamingo,2,9,OK,OK,OK
32,1,hotdog,5,3,OK,OK,OK
32,1,ice cream,3,4,OK,OK,OK
32,1,onion,6,7,OK,OK,OK
32,1,owl,7,2,OK,OK,OK
32,1,pajamas,6,5,OK,OK,OK
32,1,pumpkin,4,10,OK,OK,OK
32,1,sandals,9,4,OK,OK,OK
32,1,scarf,1,6,OK,OK,OK
32,1,shorts,4,7,OK,OK,OK
32,1,spaghetti,1,10,OK,OK,OK
32,1,sunglasses,10,2,OK,OK,OK
32,1,turtle,8,7,OK,OK,OK
32,1,watermelon,3,6,OK,OK,OK
32,2,cow,8,6,OK,OK,OK
32,2,chicken,10,6,OK,OK,OK
32,2,pig,9,1,OK,OK,OK
32,2,mouse,6,10,OK,OK,OK
32,2,butterfly,7,9,OK,OK,OK
32,2,penguin,9,9,OK,OK,OK
32,2,watering can,6,2,OK,OK,OK
32,2,wheelbarrow ,2,6,OK,OK,OK
32,2,shovel,9,3,OK,OK,OK
32,2,broom,2,4,OK,OK,OK
32,2,scissors,7,2,OK,OK,OK
32,2,hammer,4,7,OK,OK,OK
32,2,apple,4,4,OK,OK,OK
32,2,lettuce,2,10,OK,OK,OK
32,2,corn,2,1,OK,OK,OK
32,2,pineapple,4,2,OK,OK,OK
32,2,mushroom,6,4,OK,OK,OK
32,2,walnut,6,8,OK,OK,OK
33,1,boots,7,9,OK,OK,OK
33,1,cat,5,6,OK,OK,OK
33,1,crab,5,4,OK,OK,OK
33,1,dolphin,7,4,OK,OK,OK
33,1,flamingo,3,8,OK,OK,OK
33,1,hotdog,10,8,OK,OK,OK
33,1,ice cream,1,5,OK,OK,OK
33,1,onion,10,4,OK,OK,OK
33,1,owl,8,7,OK,OK,OK
33,1,pajamas,5,10,OK,OK,OK
33,1,pumpkin,10,6,OK,OK,OK
33,1,sandals,3,6,OK,OK,OK
33,1,scarf,10,10,OK,OK,OK
33,1,shorts,3,10,OK,OK,OK
33,1,spaghetti,3,3,OK,OK,OK
33,1,sunglasses,1,8,OK,OK,OK
33,1,turtle,1,10,OK,OK,OK
33,1,watermelon,7,1,OK,OK,OK
33,2,cow,4,6,OK,OK,OK
33,2,chicken,3,7,OK,OK,OK
33,2,pig,2,8,OK,OK,OK
33,2,mouse,3,8,OK,OK,OK
33,2,butterfly,4,7,OK,OK,OK
33,2,penguin,2,7,OK,OK,OK
33,2,watering can,7,6,OK,OK,OK
33,2,wheelbarrow ,6,3,OK,OK,OK
33,2,shovel,7,8,OK,OK,OK
33,2,broom,9,6,OK,OK,OK
33,2,scissors,9,2,OK,OK,OK
33,2,hammer,8,4,OK,OK,OK
33,2,apple,6,10,OK,OK,OK
33,2,lettuce,9,8,OK,OK,OK
33,2,corn,5,2,OK,OK,OK
33,2,pineapple,2,4,OK,OK,OK
33,2,mushroom,4,10,OK,OK,OK
33,2,walnut,9,10,OK,OK,OK
34,1,boots,8,5,OK,OK,OK
34,1,cat,1,3,OK,OK,OK
34,1,crab,4,3,OK,OK,OK
34,1,dolphin,6,3,OK,OK,OK
34,1,flamingo,5,3,OK,OK,OK
34,1,hotdog,6,1,OK,OK,OK
34,1,ice cream,1,1,OK,OK,OK
34,1,onion,3,1,OK,OK,OK
34,1,owl,2,3,OK,OK,OK
34,1,pajamas,7,5,OK,OK,OK
34,1,pumpkin,4,1,OK,OK,OK
34,1,sandals,8,4,OK,OK,OK
34,1,scarf,9,4,OK,OK,OK
34,1,shorts,9,5,OK,OK,OK
34,1,spaghetti,5,1,OK,OK,OK
34,1,sunglasses,7,4,OK,OK,OK
34,1,turtle,3,3,OK,OK,OK
34,1,watermelon,2,1,OK,OK,OK
34,2,cow,7,7,OK,OK,OK
34,2,chicken,10,7,OK,OK,OK
34,2,pig,9,7,OK,OK,OK
34,2,mouse,6,7,OK,OK,OK
34,2,butterfly,5,7,OK,OK,OK
34,2,penguin,8,7,OK,OK,OK
34,2,watering can,6,2,OK,OK,OK
34,2,wheelbarrow ,5,2,OK,OK,OK
34,2,shovel,4,2,OK,OK,OK
34,2,broom,10,10,OK,OK,OK
34,2,scissors,10,1,OK,OK,OK
34,2,hammer,7,2,OK,OK,OK
34,2,apple,2,4,OK,OK,OK
34,2,lettuce,6,5,OK,OK,OK
34,2,corn,4,4,OK,OK,OK
34,2,pineapple,5,4,OK,OK,OK
34,2,mushroom,1,1,OK,OK,OK
34,2,walnut,3,4,OK,OK,OK
31,1,boots,6,5,OK,OK,OK
31,1,cat,8,3,OK,OK,OK
31,1,crab,1,6,OK,OK,OK
31,1,dolphin,3,6,OK,OK,OK
31,1,flamingo,10,3,OK,OK,OK
31,1,hotdog,7,8,OK,OK,OK
31,1,ice cream,6,8,OK,OK,OK
31,1,onion,8,8,OK,OK,OK
31,1,owl,9,3,OK,OK,OK
31,1,pajamas,5,2,OK,OK,OK
31,1,pumpkin,10,8,OK,OK,OK
31,1,sandals,1,10,OK,OK,OK
31,1,scarf,4,2,OK,OK,OK
31,1,shorts,6,2,OK,OK,OK
31,1,spaghetti,9,8,OK,OK,OK
31,1,sunglasses,2,10,OK,OK,OK
31,1,turtle,2,6,OK,OK,OK
31,1,watermelon,5,8,OK,OK,OK
31,2,cow,6,7,OK,OK,OK
31,2,chicken,8,8,OK,OK,OK
31,2,pig,7,7,OK,OK,OK
31,2,mouse,1,1,OK,OK,OK
31,2,butterfly,6,8,OK,OK,OK
31,2,penguin,1,10,OK,OK,OK
31,2,watering can,2,10,OK,OK,OK
31,2,wheelbarrow ,9,4,OK,OK,OK
31,2,shovel,8,10,OK,OK,OK
31,2,broom,10,10,OK,OK,OK
31,2,scissors,1,6,OK,OK,OK
31,2,hammer,9,10,OK,OK,OK
31,2,apple,7,4,OK,OK,OK
31,2,lettuce,6,3,OK,OK,OK
31,2,corn,7,3,OK,OK,OK
31,2,pineapple,8,3,OK,OK,OK
31,2,mushroom,8,4,OK,OK,OK
31,2,walnut,9,3,OK,OK,OK
29,1,boots,2,10,OK,OK,OK
29,1,cat,10,3,OK,OK,OK
29,1,crab,6,10,OK,OK,OK
29,1,dolphin,7,10,OK,OK,OK
29,1,flamingo,5,1,OK,OK,OK
29,1,hotdog,2,4,OK,OK,OK
29,1,ice cream,3,8,OK,OK,OK
29,1,onion,10,10,OK,OK,OK
29,1,owl,8,10,OK,OK,OK
29,1,pajamas,1,6,OK,OK,OK
29,1,pumpkin,1,9,OK,OK,OK
29,1,sandals,1,3,OK,OK,OK
29,1,scarf,4,8,OK,OK,OK
29,1,shorts,4,2,OK,OK,OK
29,1,spaghetti,9,10,OK,OK,OK
29,1,sunglasses,2,1,OK,OK,OK
29,1,turtle,8,1,OK,OK,OK
29,1,watermelon,5,5,OK,OK,OK
29,2,cow,5,2,OK,OK,OK
29,2,chicken,4,2,OK,OK,OK
29,2,pig,6,2,OK,OK,OK
29,2,mouse,2,2,OK,3,2
29,2,butterfly,1,10,OK,OK,OK
29,2,penguin,7,2,OK,OK,OK
29,2,watering can,2,10,OK,OK,OK
29,2,wheelbarrow ,5,6,OK,OK,OK
29,2,shovel,3,6,OK,OK,OK
29,2,broom,2,6,OK,OK,OK
29,2,scissors,10,3,OK,OK,OK
29,2,hammer,4,6,OK,OK,OK
29,2,apple,10,2,OK,OK,OK
29,2,lettuce,9,4,OK,OK,OK
29,2,corn,9,1,OK,OK,OK
29,2,pineapple,10,1,OK,OK,OK
29,2,mushroom,6,6,OK,OK,OK
29,2,walnut,9,2,OK,OK,OK
35,1,boots,9,2,OK,OK,OK
35,1,cat,1,6,OK,OK,OK
35,1,crab,1,7,OK,OK,OK
35,1,dolphin,1,5,OK,OK,OK
35,1,flamingo,2,6,OK,OK,OK
35,1,hotdog,1,2,OK,OK,OK
35,1,ice cream,1,3,OK,OK,OK
35,1,onion,2,2,OK,OK,OK
35,1,owl,2,7,OK,OK,OK
35,1,pajamas,8,1,OK,OK,OK
35,1,pumpkin,2,1,OK,OK,OK
35,1,sandals,8,2,OK,OK,OK
35,1,scarf,10,2,OK,OK,OK
35,1,shorts,10,1,OK,OK,OK
35,1,spaghetti,1,1,OK,OK,OK
35,1,sunglasses,9,1,OK,OK,OK
35,1,turtle,2,5,OK,OK,OK
35,1,watermelon,1,4,OK,OK,OK
35,2,cow,1,9,OK,OK,OK
35,2,chicken,2,10,OK,OK,OK
35,2,pig,1,8,OK,OK,OK
35,2,mouse,1,10,OK,OK,OK
35,2,butterfly,4,1,OK,OK,OK
35,2,penguin,2,9,OK,OK,OK
35,2,watering can,1,2,OK,OK,OK
35,2,wheelbarrow ,2,1,OK,OK,OK
35,2,shovel,1,1,OK,OK,OK
35,2,broom,3,1,OK,OK,OK
35,2,scissors,3,2,OK,OK,OK
35,2,hammer,2,2,OK,OK,OK
35,2,apple,10,1,OK,OK,OK
35,2,lettuce,9,1,OK,OK,OK
35,2,corn,8,2,OK,OK,OK
35,2,pineapple,9,2,OK,OK,OK
35,2,mushroom,8,1,OK,OK,OK
35,2,walnut,10,2,OK,OK,OK
28,1,boots,2,3,OK,OK,OK
28,1,cat,8,7,OK,OK,OK
28,1,crab,7,7,OK,OK,OK
28,1,dolphin,3,7,OK,OK,OK
28,1,flamingo,6,7,OK,OK,OK
28,1,hotdog,5,3,OK,OK,OK
28,1,ice cream,5,1,OK,OK,OK
28,1,onion,3,1,OK,OK,OK
28,1,owl,5,7,OK,OK,OK
28,1,pajamas,3,3,OK,OK,OK
28,1,pumpkin,2,1,OK,OK,OK
28,1,sandals,1,3,OK,OK,OK
28,1,scarf,9,3,OK,OK,OK
28,1,shorts,10,3,OK,OK,OK
28,1,spaghetti,4,1,OK,OK,OK
28,1,sunglasses,8,2,OK,OK,OK
28,1,turtle,4,7,OK,OK,OK
28,1,watermelon,1,1,OK,OK,OK
28,2,cow,5,4,OK,OK,OK
28,2,chicken,7,4,OK,OK,OK
28,2,pig,8,4,OK,OK,OK
28,2,mouse,10,1,OK,OK,OK
28,2,butterfly,9,4,OK,OK,OK
28,2,penguin,6,4,OK,OK,OK
28,2,watering can,1,10,OK,OK,OK
28,2,wheelbarrow ,8,10,OK,OK,OK
28,2,shovel,9,10,OK,OK,OK
28,2,broom,10,10,OK,OK,OK
28,2,scissors,10,8,OK,OK,OK
28,2,hammer,3,1,OK,OK,OK
28,2,apple,10,2,OK,OK,OK
28,2,lettuce,7,1,OK,OK,OK
28,2,corn,6,1,OK,OK,OK
28,2,pineapple,9,1,OK,OK,OK
28,2,mushroom,9,2,OK,OK,OK
28,2,walnut,8,1,OK,OK,OK
30,1,boots,5,5,OK,OK,OK
30,1,cat,9,2,OK,OK,OK
30,1,crab,6,2,OK,OK,OK
30,1,dolphin,7,2,OK,OK,OK
30,1,flamingo,4,2,OK,OK,OK
30,1,hotdog,3,4,OK,OK,OK
30,1,ice cream,5,4,OK,OK,OK
30,1,onion,2,4,OK,OK,OK
30,1,owl,5,2,OK,OK,OK
30,1,pajamas,8,5,OK,OK,OK
30,1,pumpkin,1,4,OK,OK,OK
30,1,sandals,9,5,OK,OK,OK
30,1,scarf,6,5,OK,OK,OK
30,1,shorts,7,5,OK,OK,OK
30,1,spaghetti,4,4,OK,OK,OK
30,1,sunglasses,10,5,OK,OK,OK
30,1,turtle,8,2,OK,OK,OK
30,1,watermelon,6,4,OK,OK,OK
30,2,cow,10,5,OK,OK,OK
30,2,chicken,4,2,OK,OK,OK
30,2,pig,10,10,OK,OK,OK
30,2,mouse,1,6,OK,OK,OK
30,2,butterfly,6,7,OK,OK,OK
30,2,penguin,6,1,OK,OK,OK
30,2,watering can,10,8,OK,OK,OK
30,2,wheelbarrow ,8,8,OK,OK,OK
30,2,shovel,9,8,OK,OK,OK
30,2,broom,8,5,OK,OK,OK
30,2,scissors,4,8,OK,OK,OK
30,2,hammer,10,1,OK,OK,OK
30,2,apple,6,4,OK,OK,OK
30,2,lettuce,2,10,OK,OK,OK
30,2,corn,1,10,OK,OK,OK
30,2,pineapple,5,4,OK,OK,OK
30,2,mushroom,1,1,OK,OK,OK
30,2,walnut,3,10,OK,OK,OK
48,1,boots,5,4,OK,OK,OK
48,1,cat,3,2,OK,OK,OK
48,1,crab,5,1,OK,OK,OK
48,1,dolphin,2,7,OK,OK,OK
48,1,flamingo,10,1,OK,OK,OK
48,1,hotdog,8,9,OK,OK,OK
48,1,ice cream,7,1,OK,OK,OK
48,1,onion,8,3,OK,OK,OK
48,1,owl,5,6,OK,OK,OK
48,1,pajamas,9,5,OK,OK,OK
48,1,pumpkin,1,10,OK,OK,OK
48,1,sandals,6,10,OK,OK,OK
48,1,scarf,9,7,OK,OK,OK
48,1,shorts,3,4,OK,OK,OK
48,1,spaghetti,3,6,OK,OK,OK
48,1,sunglasses,7,5,OK,OK,OK
48,1,turtle,4,8,OK,OK,OK
48,1,watermelon,4,10,OK,OK,OK
48,2,cow,1,7,OK,OK,OK
48,2,chicken,4,9,OK,OK,OK
48,2,pig,4,1,OK,OK,OK
48,2,mouse,2,5,OK,OK,OK
48,2,butterfly,8,8,OK,OK,OK
48,2,penguin,3,5,OK,OK,OK
48,2,watering can,8,5,OK,OK,OK
48,2,wheelbarrow ,7,8,OK,OK,OK
48,2,shovel,4,5,OK,OK,OK
48,2,broom,6,4,OK,OK,OK
48,2,scissors,3,7,OK,OK,OK
48,2,hammer,7,2,OK,OK,OK
48,2,apple,3,9,OK,OK,OK
48,2,lettuce,9,6,OK,OK,OK
48,2,corn,5,7,OK,OK,OK
48,2,pineapple,8,3,OK,OK,OK
48,2,mushroom,2,3,OK,OK,OK
48,2,walnut,5,3,OK,OK,OK